{
  "properties": {
    "connectionReferences": {
      "shared_office365groups": {
        "runtimeSource": "invoker",
        "connection": {
          "connectionReferenceLogicalName": "pagacz_sharedoffice365groups_5594d"
        },
        "api": {
          "name": "shared_office365groups"
        }
      }
    },
    "definition": {
      "$schema": "https://schema.management.azure.com/providers/Microsoft.Logic/schemas/2016-06-01/workflowdefinition.json#",
      "contentVersion": "1.0.0.0",
      "parameters": {
        "$connections": {
          "defaultValue": {},
          "type": "Object"
        },
        "$authentication": {
          "defaultValue": {},
          "type": "SecureObject"
        }
      },
      "triggers": {
        "manual": {
          "metadata": {
            "operationMetadataId": "1fc0acf0-7f07-4fa3-bf20-9dfc09ae14fb"
          },
          "type": "Request",
          "kind": "PowerAppV2",
          "inputs": {
            "schema": {
              "type": "object",
              "properties": {},
              "required": []
            }
          }
        }
      },
      "actions": {
        "Send_an_HTTP_request": {
          "runAfter": {},
          "metadata": {
            "operationMetadataId": "99513318-3a19-43b9-b549-b99bda9616c2"
          },
          "type": "OpenApiConnection",
          "inputs": {
            "host": {
              "connectionName": "shared_office365groups",
              "operationId": "HttpRequest",
              "apiId": "/providers/Microsoft.PowerApps/apis/shared_office365groups"
            },
            "parameters": {
              "Uri": "https://graph.microsoft.com/v1.0/me/drive/root/children",
              "Method": "GET",
              "ContentType": "application/json"
            },
            "authentication": "@parameters('$authentication')"
          }
        },
        "Respond_to_a_PowerApp_or_flow": {
          "runAfter": {
            "Parse_JSON": [
              "Succeeded"
            ]
          },
          "metadata": {
            "operationMetadataId": "a787c885-be9a-4b7d-8b09-2aea61cae28f"
          },
          "type": "Response",
          "kind": "PowerApp",
          "inputs": {
            "statusCode": 200,
            "body": {
              "body": "@{body('Parse_JSON')?['value']}"
            },
            "schema": {
              "type": "object",
              "properties": {
                "body": {
                  "title": "body",
                  "x-ms-dynamically-added": true,
                  "type": "string"
                }
              }
            }
          }
        },
        "Parse_JSON": {
          "runAfter": {
            "Send_an_HTTP_request": [
              "Succeeded"
            ]
          },
          "metadata": {
            "operationMetadataId": "8a4ee61e-edc5-4438-8711-d4a42e0d8764"
          },
          "type": "ParseJson",
          "inputs": {
            "content": "@body('Send_an_HTTP_request')",
            "schema": {
              "type": "object",
              "properties": {
                "@@odata.context": {
                  "type": "string"
                },
                "value": {
                  "type": "array",
                  "items": {
                    "type": "object",
                    "properties": {
                      "createdDateTime": {
                        "type": "string"
                      },
                      "eTag": {
                        "type": "string"
                      },
                      "id": {
                        "type": "string"
                      },
                      "lastModifiedDateTime": {
                        "type": "string"
                      },
                      "name": {
                        "type": "string"
                      },
                      "webUrl": {
                        "type": "string"
                      },
                      "cTag": {
                        "type": "string"
                      },
                      "size": {
                        "type": "integer"
                      },
                      "createdBy": {
                        "type": "object",
                        "properties": {
                          "user": {
                            "type": "object",
                            "properties": {
                              "email": {
                                "type": "string"
                              },
                              "id": {
                                "type": "string"
                              },
                              "displayName": {
                                "type": "string"
                              }
                            }
                          }
                        }
                      },
                      "lastModifiedBy": {
                        "type": "object",
                        "properties": {
                          "user": {
                            "type": "object",
                            "properties": {
                              "email": {
                                "type": "string"
                              },
                              "id": {
                                "type": "string"
                              },
                              "displayName": {
                                "type": "string"
                              }
                            }
                          }
                        }
                      },
                      "parentReference": {
                        "type": "object",
                        "properties": {
                          "driveType": {
                            "type": "string"
                          },
                          "driveId": {
                            "type": "string"
                          },
                          "id": {
                            "type": "string"
                          },
                          "path": {
                            "type": "string"
                          }
                        }
                      },
                      "fileSystemInfo": {
                        "type": "object",
                        "properties": {
                          "createdDateTime": {
                            "type": "string"
                          },
                          "lastModifiedDateTime": {
                            "type": "string"
                          }
                        }
                      },
                      "folder": {
                        "type": "object",
                        "properties": {
                          "childCount": {
                            "type": "integer"
                          }
                        }
                      },
                      "specialFolder": {
                        "type": "object",
                        "properties": {
                          "name": {
                            "type": "string"
                          }
                        }
                      },
                      "@@microsoft.graph.downloadUrl": {
                        "type": "string"
                      },
                      "file": {
                        "type": "object",
                        "properties": {
                          "mimeType": {
                            "type": "string"
                          },
                          "hashes": {
                            "type": "object",
                            "properties": {
                              "quickXorHash": {
                                "type": "string"
                              }
                            }
                          }
                        }
                      },
                      "image": {
                        "type": "object",
                        "properties": {
                          "height": {
                            "type": "integer"
                          },
                          "width": {
                            "type": "integer"
                          }
                        }
                      },
                      "photo": {
                        "type": "object",
                        "properties": {
                          "takenDateTime": {
                            "type": "string"
                          }
                        }
                      },
                      "package": {
                        "type": "object",
                        "properties": {
                          "type": {
                            "type": "string"
                          }
                        }
                      }
                    },
                    "required": [
                      "createdDateTime",
                      "eTag",
                      "id",
                      "lastModifiedDateTime",
                      "name",
                      "webUrl",
                      "cTag",
                      "size",
                      "createdBy",
                      "lastModifiedBy",
                      "parentReference",
                      "fileSystemInfo"
                    ]
                  }
                }
              }
            }
          }
        }
      },
      "outputs": {}
    },
    "templateName": ""
  },
  "schemaVersion": "1.0.0.0"
}