{
  "properties": {
    "connectionReferences": {
      "shared_onedriveforbusiness": {
        "runtimeSource": "invoker",
        "connection": {
          "connectionReferenceLogicalName": "pagacz_sharedonedriveforbusiness_98945"
        },
        "api": {
          "name": "shared_onedriveforbusiness"
        }
      }
    },
    "definition": {
      "$schema": "https://schema.management.azure.com/providers/Microsoft.Logic/schemas/2016-06-01/workflowdefinition.json#",
      "contentVersion": "1.0.0.0",
      "parameters": {
        "$connections": {
          "defaultValue": {},
          "type": "Object"
        },
        "$authentication": {
          "defaultValue": {},
          "type": "SecureObject"
        }
      },
      "triggers": {
        "manual": {
          "metadata": {
            "operationMetadataId": "c6b3072a-159e-4086-9f3e-8df7e1b790d0"
          },
          "type": "Request",
          "kind": "PowerAppV2",
          "inputs": {
            "schema": {
              "type": "object",
              "properties": {
                "text": {
                  "title": "path",
                  "type": "string",
                  "x-ms-dynamically-added": true,
                  "description": "Please enter your input",
                  "x-ms-content-hint": "TEXT"
                }
              },
              "required": [
                "text"
              ]
            }
          }
        }
      },
      "actions": {
        "Compose_new_line": {
          "runAfter": {
            "Get_file_content_using_path": [
              "Succeeded"
            ]
          },
          "metadata": {
            "operationMetadataId": "c24a30af-ee01-48b3-a227-692add194f65"
          },
          "type": "Compose",
          "inputs": "\n"
        },
        "Compose_split_on_new_line": {
          "runAfter": {
            "Compose_new_line": [
              "Succeeded"
            ]
          },
          "metadata": {
            "operationMetadataId": "fc583ea3-56d6-451c-b15a-bb2baee20769"
          },
          "type": "Compose",
          "inputs": "@split(outputs('Get_file_content_using_path')?['body'],outputs('Compose_new_line'))"
        },
        "Compose_split_on_columns": {
          "runAfter": {
            "Compose_split_on_new_line": [
              "Succeeded"
            ]
          },
          "metadata": {
            "operationMetadataId": "9b75dd35-6e44-463f-947b-6c7a966fb240"
          },
          "type": "Compose",
          "inputs": "@split(first(outputs('Compose_split_on_new_line')),',')"
        },
        "Select": {
          "runAfter": {
            "Compose_split_on_columns": [
              "Succeeded"
            ]
          },
          "metadata": {
            "operationMetadataId": "b683a333-c2bc-43c6-b457-4e7a592b14e1"
          },
          "type": "Select",
          "inputs": {
            "from": "@skip(outputs('Compose_split_on_new_line'),1)",
            "select": {
              "@{outputs('Compose_split_on_columns')[0]}": "@split(item(),',')?[0]",
              "@{outputs('Compose_split_on_columns')[1]}": "@split(item(),',')?[1]",
              "@{outputs('Compose_split_on_columns')[2]}": "@split(item(),',')?[2]",
              "@{outputs('Compose_split_on_columns')[3]}": "@split(item(),',')?[3]",
              "@{outputs('Compose_split_on_columns')[4]}": "@split(item(),',')?[4]",
              "@{outputs('Compose_split_on_columns')[5]}": "@split(item(),',')?[5]",
              "@{outputs('Compose_split_on_columns')[6]}": "@split(item(),',')?[6]",
              "@{outputs('Compose_split_on_columns')[7]}": "@split(item(),',')?[7]",
              "@{outputs('Compose_split_on_columns')[8]}": "@split(item(),',')?[8]",
              "@{outputs('Compose_split_on_columns')[9]}": "@split(item(),',')?[9]",
              "@{outputs('Compose_split_on_columns')[10]}": "@split(item(),',')?[10]",
              "@{outputs('Compose_split_on_columns')[11]}": "@split(item(),',')?[11]",
              "@{outputs('Compose_split_on_columns')[12]}": "@split(item(),',')?[12]"
            }
          }
        },
        "Respond_to_a_PowerApp_or_flow": {
          "runAfter": {
            "Select": [
              "Succeeded"
            ]
          },
          "metadata": {
            "operationMetadataId": "3d516425-fe73-4338-8de5-f57b784599df"
          },
          "type": "Response",
          "kind": "PowerApp",
          "inputs": {
            "statusCode": 200,
            "body": {
              "array": "@{take(body('Select'),length(body('Select')))}"
            },
            "schema": {
              "type": "object",
              "properties": {
                "array": {
                  "title": "Array",
                  "x-ms-dynamically-added": true,
                  "type": "string"
                }
              }
            }
          }
        },
        "Get_file_content_using_path": {
          "runAfter": {},
          "metadata": {
            "operationMetadataId": "e52d7698-4e52-4fcc-ae86-2c3f3e27e8b2"
          },
          "type": "OpenApiConnection",
          "inputs": {
            "host": {
              "connectionName": "shared_onedriveforbusiness",
              "operationId": "GetFileContentByPath",
              "apiId": "/providers/Microsoft.PowerApps/apis/shared_onedriveforbusiness"
            },
            "parameters": {
              "path": "@triggerBody()['text']",
              "inferContentType": true
            },
            "authentication": "@parameters('$authentication')"
          }
        }
      }
    },
    "templateName": ""
  },
  "schemaVersion": "1.0.0.0"
}