<ImportExportXml version="9.2.22111.204" SolutionPackageVersion="9.2" languagecode="1033" generatedBy="CrmLive" xmlns:xsi="http://www.w3.org/2001/XMLSchema-instance">
  <SolutionManifest>
    <UniqueName>PagaczFileUploader</UniqueName>
    <LocalizedNames>
      <LocalizedName description="Pagacz File Uploader" languagecode="1033" />
    </LocalizedNames>
    <Descriptions />
    <Version>1.0.0.2</Version>
    <Managed>0</Managed>
    <Publisher>
      <UniqueName>Tomasz_Pagacz</UniqueName>
      <LocalizedNames>
        <LocalizedName description="Tomasz Pagacz" languagecode="1033" />
      </LocalizedNames>
      <Descriptions />
      <EMailAddress>tom@iammrrobot.onmicrosoft.com</EMailAddress>
      <SupportingWebsiteUrl>https://ko-fi.com/iammrrobot</SupportingWebsiteUrl>
      <CustomizationPrefix>pagacz</CustomizationPrefix>
      <CustomizationOptionValuePrefix>56558</CustomizationOptionValuePrefix>
      <Addresses>
        <Address>
          <AddressNumber>1</AddressNumber>
          <AddressTypeCode>1</AddressTypeCode>
          <City xsi:nil="true"></City>
          <County xsi:nil="true"></County>
          <Country>Poland</Country>
          <Fax xsi:nil="true"></Fax>
          <FreightTermsCode xsi:nil="true"></FreightTermsCode>
          <ImportSequenceNumber xsi:nil="true"></ImportSequenceNumber>
          <Latitude xsi:nil="true"></Latitude>
          <Line1 xsi:nil="true"></Line1>
          <Line2 xsi:nil="true"></Line2>
          <Line3 xsi:nil="true"></Line3>
          <Longitude xsi:nil="true"></Longitude>
          <Name xsi:nil="true"></Name>
          <PostalCode xsi:nil="true"></PostalCode>
          <PostOfficeBox xsi:nil="true"></PostOfficeBox>
          <PrimaryContactName xsi:nil="true"></PrimaryContactName>
          <ShippingMethodCode>1</ShippingMethodCode>
          <StateOrProvince xsi:nil="true"></StateOrProvince>
          <Telephone1>+48793151901</Telephone1>
          <Telephone2 xsi:nil="true"></Telephone2>
          <Telephone3 xsi:nil="true"></Telephone3>
          <TimeZoneRuleVersionNumber xsi:nil="true"></TimeZoneRuleVersionNumber>
          <UPSZone xsi:nil="true"></UPSZone>
          <UTCOffset xsi:nil="true"></UTCOffset>
          <UTCConversionTimeZoneCode xsi:nil="true"></UTCConversionTimeZoneCode>
        </Address>
        <Address>
          <AddressNumber>2</AddressNumber>
          <AddressTypeCode>1</AddressTypeCode>
          <City xsi:nil="true"></City>
          <County xsi:nil="true"></County>
          <Country xsi:nil="true"></Country>
          <Fax xsi:nil="true"></Fax>
          <FreightTermsCode xsi:nil="true"></FreightTermsCode>
          <ImportSequenceNumber xsi:nil="true"></ImportSequenceNumber>
          <Latitude xsi:nil="true"></Latitude>
          <Line1 xsi:nil="true"></Line1>
          <Line2 xsi:nil="true"></Line2>
          <Line3 xsi:nil="true"></Line3>
          <Longitude xsi:nil="true"></Longitude>
          <Name xsi:nil="true"></Name>
          <PostalCode xsi:nil="true"></PostalCode>
          <PostOfficeBox xsi:nil="true"></PostOfficeBox>
          <PrimaryContactName xsi:nil="true"></PrimaryContactName>
          <ShippingMethodCode>1</ShippingMethodCode>
          <StateOrProvince xsi:nil="true"></StateOrProvince>
          <Telephone1 xsi:nil="true"></Telephone1>
          <Telephone2 xsi:nil="true"></Telephone2>
          <Telephone3 xsi:nil="true"></Telephone3>
          <TimeZoneRuleVersionNumber xsi:nil="true"></TimeZoneRuleVersionNumber>
          <UPSZone xsi:nil="true"></UPSZone>
          <UTCOffset xsi:nil="true"></UTCOffset>
          <UTCConversionTimeZoneCode xsi:nil="true"></UTCConversionTimeZoneCode>
        </Address>
      </Addresses>
    </Publisher>
    <RootComponents>
      <RootComponent type="1" schemaName="pagacz_tableforfiles" behavior="0" />
      <RootComponent type="29" id="{1eefba95-5d7a-ed11-81ad-000d3adf7fe5}" behavior="0" />
      <RootComponent type="29" id="{72c78e34-627a-ed11-81ad-000d3adf7fe5}" behavior="0" />
      <RootComponent type="29" id="{73606966-357a-ed11-81ad-000d3adf7fe5}" behavior="0" />
      <RootComponent type="300" schemaName="pagacz_creatorkitreferenceappfileuploader_ba039" behavior="0" />
    </RootComponents>
    <MissingDependencies>
      <MissingDependency>
        <Required type="300" schemaName="cat_powercatcomponentlibrary_0be3a" displayName="Power CAT Component Library" solution="CreatorKitCore (1.0.20221102.3)" />
        <Dependent type="300" schemaName="pagacz_creatorkitreferenceappfileuploader_ba039" displayName="Creator Kit Reference App - File Uploader" />
      </MissingDependency>
      <MissingDependency>
        <Required type="66" schemaName="cat_PowerCAT.AutoWidthLabel" displayName="cat_PowerCAT.AutoWidthLabel" solution="CreatorKitCore (1.0.20221102.3)" />
        <Dependent type="300" schemaName="pagacz_creatorkitreferenceappfileuploader_ba039" displayName="Creator Kit Reference App - File Uploader" />
      </MissingDependency>
      <MissingDependency>
        <Required type="66" schemaName="cat_PowerCAT.Breadcrumb" displayName="cat_PowerCAT.Breadcrumb" solution="CreatorKitCore (1.0.20221102.3)" />
        <Dependent type="300" schemaName="pagacz_creatorkitreferenceappfileuploader_ba039" displayName="Creator Kit Reference App - File Uploader" />
      </MissingDependency>
      <MissingDependency>
        <Required type="66" schemaName="cat_PowerCAT.CommandBar" displayName="cat_PowerCAT.CommandBar" solution="CreatorKitCore (1.0.20221102.3)" />
        <Dependent type="300" schemaName="pagacz_creatorkitreferenceappfileuploader_ba039" displayName="Creator Kit Reference App - File Uploader" />
      </MissingDependency>
      <MissingDependency>
        <Required type="66" schemaName="cat_PowerCAT.ContextMenu" displayName="cat_PowerCAT.ContextMenu" solution="CreatorKitCore (1.0.20221102.3)" />
        <Dependent type="300" schemaName="pagacz_creatorkitreferenceappfileuploader_ba039" displayName="Creator Kit Reference App - File Uploader" />
      </MissingDependency>
      <MissingDependency>
        <Required type="66" schemaName="cat_PowerCAT.Elevation" displayName="cat_PowerCAT.Elevation" solution="CreatorKitCore (1.0.20221102.3)" />
        <Dependent type="300" schemaName="pagacz_creatorkitreferenceappfileuploader_ba039" displayName="Creator Kit Reference App - File Uploader" />
      </MissingDependency>
      <MissingDependency>
        <Required type="66" schemaName="cat_PowerCAT.Facepile" displayName="cat_PowerCAT.Facepile" solution="CreatorKitCore (1.0.20221102.3)" />
        <Dependent type="300" schemaName="pagacz_creatorkitreferenceappfileuploader_ba039" displayName="Creator Kit Reference App - File Uploader" />
      </MissingDependency>
      <MissingDependency>
        <Required type="66" schemaName="cat_PowerCAT.FluentDetailsList" displayName="cat_PowerCAT.FluentDetailsList" solution="CreatorKitCore (1.0.20221102.3)" />
        <Dependent type="300" schemaName="pagacz_creatorkitreferenceappfileuploader_ba039" displayName="Creator Kit Reference App - File Uploader" />
      </MissingDependency>
      <MissingDependency>
        <Required type="66" schemaName="cat_PowerCAT.Icon" displayName="cat_PowerCAT.Icon" solution="CreatorKitCore (1.0.20221102.3)" />
        <Dependent type="300" schemaName="pagacz_creatorkitreferenceappfileuploader_ba039" displayName="Creator Kit Reference App - File Uploader" />
      </MissingDependency>
      <MissingDependency>
        <Required type="66" schemaName="cat_PowerCAT.KeyboardShortcuts" displayName="cat_PowerCAT.KeyboardShortcuts" solution="CreatorKitCore (1.0.20221102.3)" />
        <Dependent type="300" schemaName="pagacz_creatorkitreferenceappfileuploader_ba039" displayName="Creator Kit Reference App - File Uploader" />
      </MissingDependency>
      <MissingDependency>
        <Required type="66" schemaName="cat_PowerCAT.Nav" displayName="cat_PowerCAT.Nav" solution="CreatorKitCore (1.0.20221102.3)" />
        <Dependent type="300" schemaName="pagacz_creatorkitreferenceappfileuploader_ba039" displayName="Creator Kit Reference App - File Uploader" />
      </MissingDependency>
      <MissingDependency>
        <Required type="66" schemaName="cat_PowerCAT.PeoplePicker" displayName="cat_PowerCAT.PeoplePicker" solution="CreatorKitCore (1.0.20221102.3)" />
        <Dependent type="300" schemaName="pagacz_creatorkitreferenceappfileuploader_ba039" displayName="Creator Kit Reference App - File Uploader" />
      </MissingDependency>
      <MissingDependency>
        <Required type="66" schemaName="cat_PowerCAT.Persona" displayName="cat_PowerCAT.Persona" solution="CreatorKitCore (1.0.20221102.3)" />
        <Dependent type="300" schemaName="pagacz_creatorkitreferenceappfileuploader_ba039" displayName="Creator Kit Reference App - File Uploader" />
      </MissingDependency>
      <MissingDependency>
        <Required type="66" schemaName="cat_PowerCAT.Picker" displayName="cat_PowerCAT.Picker" solution="CreatorKitCore (1.0.20221102.3)" />
        <Dependent type="300" schemaName="pagacz_creatorkitreferenceappfileuploader_ba039" displayName="Creator Kit Reference App - File Uploader" />
      </MissingDependency>
      <MissingDependency>
        <Required type="66" schemaName="cat_PowerCAT.Pivot" displayName="cat_PowerCAT.Pivot" solution="CreatorKitCore (1.0.20221102.3)" />
        <Dependent type="300" schemaName="pagacz_creatorkitreferenceappfileuploader_ba039" displayName="Creator Kit Reference App - File Uploader" />
      </MissingDependency>
      <MissingDependency>
        <Required type="66" schemaName="cat_PowerCAT.ProgressIndicator" displayName="cat_PowerCAT.ProgressIndicator" solution="CreatorKitCore (1.0.20221102.3)" />
        <Dependent type="300" schemaName="pagacz_creatorkitreferenceappfileuploader_ba039" displayName="Creator Kit Reference App - File Uploader" />
      </MissingDependency>
      <MissingDependency>
        <Required type="66" schemaName="cat_PowerCAT.ResizableTextarea" displayName="cat_PowerCAT.ResizableTextarea" solution="CreatorKitCore (1.0.20221102.3)" />
        <Dependent type="300" schemaName="pagacz_creatorkitreferenceappfileuploader_ba039" displayName="Creator Kit Reference App - File Uploader" />
      </MissingDependency>
      <MissingDependency>
        <Required type="66" schemaName="cat_PowerCAT.SearchBox" displayName="cat_PowerCAT.SearchBox" solution="CreatorKitCore (1.0.20221102.3)" />
        <Dependent type="300" schemaName="pagacz_creatorkitreferenceappfileuploader_ba039" displayName="Creator Kit Reference App - File Uploader" />
      </MissingDependency>
      <MissingDependency>
        <Required type="66" schemaName="cat_PowerCAT.Spinner" displayName="cat_PowerCAT.Spinner" solution="CreatorKitCore (1.0.20221102.3)" />
        <Dependent type="300" schemaName="pagacz_creatorkitreferenceappfileuploader_ba039" displayName="Creator Kit Reference App - File Uploader" />
      </MissingDependency>
      <MissingDependency>
        <Required type="66" schemaName="cat_PowerCAT.TagList" displayName="cat_PowerCAT.TagList" solution="CreatorKitCore (1.0.20221102.3)" />
        <Dependent type="300" schemaName="pagacz_creatorkitreferenceappfileuploader_ba039" displayName="Creator Kit Reference App - File Uploader" />
      </MissingDependency>
      <MissingDependency>
        <Required type="connectionreference" displayName="pagacz_sharedoffice365groups_5594d" solution="Active" id.connectionreferencelogicalname="pagacz_sharedoffice365groups_5594d" />
        <Dependent type="29" displayName="OneDrive GET root children" id="{72c78e34-627a-ed11-81ad-000d3adf7fe5}" />
      </MissingDependency>
      <MissingDependency>
        <Required type="connectionreference" displayName="pagacz_sharedonedriveforbusiness_98945" solution="Active" id.connectionreferencelogicalname="pagacz_sharedonedriveforbusiness_98945" />
        <Dependent type="29" displayName="Bulk upload file" id="{1eefba95-5d7a-ed11-81ad-000d3adf7fe5}" />
      </MissingDependency>
      <MissingDependency>
        <Required type="connectionreference" displayName="pagacz_sharedonedriveforbusiness_98945" solution="Active" id.connectionreferencelogicalname="pagacz_sharedonedriveforbusiness_98945" />
        <Dependent type="29" displayName="Parse CSV" id="{73606966-357a-ed11-81ad-000d3adf7fe5}" />
      </MissingDependency>
    </MissingDependencies>
  </SolutionManifest>
</ImportExportXml>